topic,word
Animals,Cheetah
Animals,Penguin
Animals,Kangaroo
Animals,Dolphin
Animals,Chimpanzee
Animals,Porcupine
Animals,Rhinoceros
Animals,Hyena
Animals,Gorilla
Animals,Platypus
Colors,Turquoise
Colors,Magenta
Colors,Indigo
Colors,Beige
Colors,Saffron
Colors,Ocher
Colors,Emerald
Colors,Azure
Colors,Lilac
Colors,Periwinkle
Countries,Peru
Countries,Thailand
Countries,Mexico
Countries,South Africa
Countries,Vietnam
Countries,Cambodia
Countries,Romania
Countries,Portugal
Countries,Saudi Arabia
Countries,Argentina
Countries,Denmark
Countries,Finland
Countries,Iran
Countries,Ireland
Countries,Netherlands
Countries,New Zealand
Countries,Ukraine
Countries,Serbia
Countries,Belgium
Countries,Bangladesh
Countries,Czech Republic
Transportation,Helicopter
Transportation,Truck
Transportation,Tram
Transportation,Yacht
Transportation,Segway
Transportation,Kayak
Transportation,Hang Glider
Transportation,Electric Scooter
Transportation,Submarine
Transportation,Cruise Ship
Musical Instruments,Sitar
Musical Instruments,Bagpipes
Musical Instruments,Kalimba
Musical Instruments,Pan Flute
Musical Instruments,Sarangi
Musical Instruments,Djembe
Musical Instruments,Contrabassoon
Musical Instruments,Shamisen
Musical Instruments,Didgeridoo
Musical Instruments,Tabla
Clothes,Recliner
Clothes,Bar Stool
Clothes,Cupboard
Clothes,Hutch
Clothes,Credenza
Clothes,Tuffet
Clothes,Ottoman
Clothes,Gaming Chair
Clothes,Chaise Longue
Clothes,Armoire
Jobs,Neurosurgeon
Jobs,Astronomer
Jobs,Geologist
Jobs,Architect
Jobs,Philanthropist
Jobs,Diplomat
Jobs,Physicist
Jobs,Biomedical Engineer
Jobs,Aerospace Engineer
Jobs,Fashion Designer
Body Parts,Larynx
Body Parts,Vertebra
Body Parts,Clavicle
Body Parts,Spleen
Body Parts,Pelvis
Body Parts,Femur
Body Parts,Tibia
Body Parts,Fibula
Body Parts,Radius
Body Parts,Ulna
Sports,Baseball
Sports,Gymnastics
Sports,Ice Hockey
Sports,Snooker
Sports,Rowing
Sports,Weightlifting
Sports,Fencing
Sports,Synchronized Swimming
Sports,Ski Jumping
Sports,Trampoline
Music Genres,Rap
Music Genres,Classic Rock
Music Genres,Disco
Music Genres,Indie Rock
Music Genres,Ska
Music Genres,Opera
Music Genres,Funk
Music Genres,Trance
Music Genres,Bluegrass
Music Genres,Experimental
Movies,The Dark Knight
Movies,Schindler's List
Movies,The Shining
Movies,Casablanca
Movies,Inception
Movies,Pulp Fiction
Movies,The Godfather
Movies,The Matrix
Movies,Forrest Gump
Movies,Interstellar
TV Shows,Game of Thrones
TV Shows,Breaking Bad
TV Shows,Stranger Things
TV Shows,The Mandalorian
TV Shows,Westworld
TV Shows,Fargo
TV Shows,Band of Brothers
TV Shows,Fleabag
TV Shows,The Crown
TV Shows,The Witcher
Video Games,The Elder Scrolls
Video Games,Red Dead Redemption
Video Games,Mass Effect
Video Games,The Last of Us
Video Games,Final Fantasy
Video Games,Portal
Video Games,Halo
Video Games,The Sims
Video Games,Resident Evil
Video Games,Metal Gear Solid
Cities,Shanghai
Cities,Mumbai
Cities,Istanbul
Cities,Moscow
Cities,Tokyo
Cities,Sydney
Cities,Rio de Janeiro
Cities,Cairo
Cities,Mexico City
Cities,Beijing